concept,intro
menkaure pyramid,"Introduction of Menkaure Pyramid: The Menkaure Pyramid is the smallest of the three main pyramids of Giza, located on the Giza Plateau in Egypt. Built during the Fourth Dynasty of the Old Kingdom (circa 2510 BCE), it serves as the tomb of Pharaoh Menkaure. The pyramid stands at approximately 65 meters (213 feet) in height, significantly smaller than the pyramids of Khufu and Khafre, but it is unique for its construction materials—its lower sections were clad in granite rather than the usual limestone. The pyramid complex includes a mortuary temple, a causeway, and three smaller subsidiary pyramids, possibly for Menkaure’s queens. Historical records suggest that Menkaure’s pyramid was left unfinished upon his death and later completed by his successor. In modern times, the pyramid remains an important archaeological site and a symbol of Egypt’s rich history. According to legends, Menkaure was a kind and just ruler, contrasting with the harsh reputation of his predecessors."
Nefertiti,"Introduction of Nefertiti: Nefertiti was an Egyptian queen renowned for her beauty, power, and influence during the 14th century BCE. She was the Great Royal Wife of Pharaoh Akhenaten and played a crucial role in the religious revolution that established the worship of the sun god Aten. Nefertiti and Akhenaten ruled during the Amarna Period (circa 1353–1336 BCE), a time of significant cultural and artistic change. She is best known from the famous bust discovered in 1912, which showcases her elegance and is considered a masterpiece of ancient Egyptian art. Some historians believe she may have ruled independently or as a co-regent after Akhenaten’s death. Nefertiti remains a symbol of feminine power and beauty in Egyptian culture, and her legacy endures in modern Egypt and global popular culture. Legends suggest she was either an equal to Akhenaten in governance or even ruled as Pharaoh under a different name. Her disappearance from historical records remains one of ancient Egypt’s greatest mysteries."
pyramid of Djosr,"Introduction of Pyramid of Djoser: The Pyramid of Djoser, also known as the Step Pyramid, is an ancient Egyptian pyramid located in Saqqara, near modern-day Cairo. Built during the 27th century BCE, it is the earliest known pyramid and marks a significant evolution in Egyptian architecture. Designed by the architect Imhotep for Pharaoh Djoser of the Third Dynasty, the structure consists of six stacked mastabas (rectangular tombs) and originally stood at approximately 60 meters (197 feet). Unlike later pyramids, it was constructed using limestone blocks and introduced the concept of monumental stone architecture in Egypt. The pyramid complex includes courtyards, temples, and a large surrounding wall, reflecting its religious and ceremonial significance. As the first large-scale stone structure in history, the Pyramid of Djoser laid the foundation for future pyramids, including those at Giza. It remains an important symbol of Egypt’s architectural ingenuity and continues to attract historians and tourists. According to legend, Imhotep, the pyramid’s architect, was later deified as the god of wisdom and medicine, highlighting the structure’s enduring legacy."
Ramessum,"Introduction of Ramesseum: The Ramesseum is the mortuary temple of Pharaoh Ramses II, located on the west bank of the Nile near Luxor, Egypt. Built during the 13th century BCE in the 19th Dynasty of the New Kingdom, this grand temple was dedicated to the pharaoh’s legacy and the god Amun. The Ramesseum is renowned for its colossal statues of Ramses II, including a fallen 20-meter (65-foot) seated statue, as well as its intricate reliefs depicting famous events such as the Battle of Kadesh. The temple complex once featured courtyards, pylons, and storerooms, though much of it now lies in ruins. Historically, it symbolized Ramses II’s power and divine status. In modern times, the Ramesseum continues to be an important archaeological site and a major tourist attraction. Legends suggest that the temple inspired the poem *Ozymandias* by Percy Bysshe Shelley, which reflects on the impermanence of human achievements."
Ramses II Red Granite Statue,"Introduction of Ramses II Red Granite Statue: The Ramses II Red Granite Statue is a massive sculpture of Pharaoh Ramses II, one of ancient Egypt’s most powerful rulers. Originally located in the temple complex of Ptah in Memphis, Egypt, this colossal statue was carved from red granite and stands approximately 10 meters (33 feet) tall. Dating back to the 13th century BCE, during the 19th Dynasty of the New Kingdom, the statue was created to honor Ramses II’s legacy and divine status. The statue is notable for its detailed craftsmanship, showcasing the pharaoh’s strong features, royal headdress, and inscriptions that glorify his reign. Over time, the statue was rediscovered and later relocated to Ramses Square in Cairo before being moved to the Grand Egyptian Museum, where it remains a prominent exhibit. It serves as a symbol of Egypt’s grandeur and Ramses II’s enduring influence. According to legends, the sheer size and imposing presence of the statue were meant to project the pharaoh’s dominance, reinforcing his image as a god-king among his people."
sphinx,"Introduction of the Sphinx: The Sphinx is an iconic limestone statue located on the Giza Plateau in Egypt, near the Great Pyramids. Carved from a single block of limestone, it features the body of a lion and the head of a human, believed to represent Pharaoh Khafre. Dating back to the Old Kingdom, around 2500 BCE, the Great Sphinx of Giza is the largest and oldest known monumental sculpture in Egypt, measuring approximately 73 meters (240 feet) long and 20 meters (66 feet) high. The statue has suffered erosion over thousands of years, and its missing nose remains a mystery. Historically, the Sphinx served as a guardian of the pyramids, symbolizing strength and wisdom. In modern Egypt, it remains a cultural and national symbol, attracting millions of visitors. According to legend, the ""Dream Stele,"" placed between its paws, tells the story of Prince Thutmose IV, who, after falling asleep beneath the Sphinx, was promised kingship in exchange for clearing the sand engulfing the statue. The Sphinx continues to inspire fascination, with theories about hidden chambers and its true origins sparking debate among historians and archaeologists."
Statue of king Zoser,"Introduction of the Statue of King Zoser: The Statue of King Zoser is one of the earliest known life-sized statues from ancient Egypt, depicting Pharaoh Djoser (Zoser), the ruler of the 3rd Dynasty (circa 2670 BCE). It was discovered in the serdab (a small enclosed chamber) of Djoser’s Step Pyramid complex in Saqqara, Egypt. The statue, carved from limestone and originally painted, portrays the pharaoh seated on a throne wearing the traditional nemes headdress and a false beard, signifying his divine status. As the oldest known Egyptian royal statue, it reflects early artistic styles and religious beliefs of the Old Kingdom. The statue played a significant role in funerary practices, serving as a vessel for Djoser’s ka (spiritual essence) in the afterlife. Today, it is housed in the Egyptian Museum in Cairo, where it remains a valuable artifact representing the evolution of Egyptian sculpture. According to ancient beliefs, the statue ensured the eternal presence of the king’s soul, reinforcing his divine connection to the gods and securing his place in history."
Statue of Tutankhamun with Ankhesenamun,"Introduction of the Statue of Tutankhamun with Ankhesenamun: The Statue of Tutankhamun with Ankhesenamun is a remarkable artifact from ancient Egypt, depicting the young Pharaoh Tutankhamun and his wife, Ankhesenamun. Dating back to the 18th Dynasty (circa 1332–1323 BCE), this statue exemplifies the artistic style and royal iconography of the Amarna and post-Amarna periods. The statue, discovered in the ruins of Thebes and possibly originating from the Karnak or Luxor temple complex, showcases the pharaoh and his queen in a loving embrace or standing side by side, symbolizing their divine union and royal power.  

The history of the statue is closely linked to Tutankhamun's short but historically significant reign, during which he restored traditional Egyptian religious practices following the radical reforms of Akhenaten. Ankhesenamun, the daughter of Akhenaten and Nefertiti, played a crucial role in court politics after Tutankhamun's untimely death, as evidenced by her correspondence with foreign rulers seeking a new husband from outside Egypt.  

This statue holds great cultural significance, reflecting the artistic revival of the period and the intimate portrayal of royal couples in Egyptian art. It also highlights the role of queens as essential partners in both religious and political life. Today, the statue is preserved as an important piece of Egypt’s artistic and historical legacy, often associated with the mysteries surrounding Tutankhamun’s life, death, and the fate of his widow. Stories and speculation about Ankhesenamun’s fate after Tutankhamun’s passing continue to intrigue historians and Egyptologists, adding an air of mystery to this remarkable artifact."
Temple of Isis in Philae,"Introduction of the Temple of Isis in Philae: The Temple of Isis in Philae is one of the most remarkable and well-preserved temples from ancient Egypt. Located on Agilkia Island in the Nile River near Aswan, the temple was originally built on Philae Island but was relocated in the 1960s due to the construction of the Aswan High Dam. It is dedicated to the goddess Isis, one of the most revered deities in Egyptian mythology, associated with motherhood, magic, and resurrection. The temple complex features grand pylons, beautifully carved reliefs, and a sacred sanctuary, making it a unique example of late Egyptian temple architecture.  

Construction of the temple began during the reign of Pharaoh Nectanebo I (380–362 BCE) of the 30th Dynasty and continued through the Ptolemaic and Roman periods. The temple became a major center of worship for Isis, attracting pilgrims from across Egypt and the Mediterranean. Even after the decline of ancient Egyptian religion, it remained a site of reverence until the 6th century CE when it was repurposed as a Christian church under Byzantine rule.  

The Temple of Isis at Philae holds immense cultural and historical significance, as it represents the transition from ancient Egyptian religious practices to Greco-Roman and later Christian influences. It was one of the last places where the old Egyptian gods were worshiped before the spread of Christianity. Today, the temple is a UNESCO World Heritage site and a major tourist attraction, drawing visitors from around the world to admire its stunning reliefs and scenic location.  

According to legend, Philae Island was believed to be the burial place of Osiris, making it a sacred site for devotees of Isis. The temple's reliefs depict mythological scenes, including the resurrection of Osiris by Isis, reinforcing the temple’s role as a center of devotion and pilgrimage. The temple remains an enduring symbol of Egypt’s spiritual heritage and architectural mastery."
Temple of Kom Ombo,"Introduction of the Temple of Kom Ombo: The Temple of Kom Ombo is an extraordinary ancient Egyptian temple located in the town of Kom Ombo, situated along the Nile River in Upper Egypt, about 50 km north of Aswan. What makes this temple unique is its dual dedication to two gods: Sobek, the crocodile-headed god associated with fertility and protection, and Horus the Elder (Haroeris), the falcon-headed god linked to kingship and healing. This rare double-temple design features two parallel sanctuaries, halls, and courtyards, mirroring each other symmetrically.  

The temple was built during the Ptolemaic period, primarily under Ptolemy VI Philometor (180–145 BCE), with additions made by later rulers, including the Romans. It was strategically located near the Nile, where crocodiles were once abundant, reinforcing the worship of Sobek as a protective deity. Despite being partially damaged over time by erosion, earthquakes, and later reuse of its stones, many of its impressive reliefs and inscriptions remain intact.  

Culturally, the Temple of Kom Ombo was significant as a religious and medical center. The temple complex housed an ancient healing shrine and a collection of surgical tools carved into the walls, suggesting that priests performed medical treatments there. Additionally, the nearby Crocodile Museum displays mummified crocodiles, reflecting the deep reverence ancient Egyptians had for Sobek.  

A notable legend associated with Kom Ombo involves Sobek’s role as a protector of the people from the dangers of the Nile, particularly crocodiles. The dual nature of the temple also symbolized the balance between the forces of chaos (Sobek) and order (Horus), a key theme in Egyptian mythology. Today, the Temple of Kom Ombo is a popular tourist site, drawing visitors who admire its intricate carvings, symmetrical layout, and fascinating blend of religious symbolism."
The Great Temple of Ramesses II,"Introduction of The Great Temple of Ramesses II: The Great Temple of Ramesses II, also known as the Ramesseum, is an ancient Egyptian temple complex located on the west bank of the Nile River near Luxor, in the Valley of the Kings. It was built during the reign of Ramesses II, also known as Ramesses the Great, who ruled from 1279 to 1213 BCE. The temple is dedicated to the deified Ramesses II, as well as to the god Amun, and it was constructed to serve as both a monumental tomb and a place of worship.

The Ramesseum is notable for its vast scale and grandeur, designed to commemorate the king’s military victories and divine status. The most famous feature of the temple is a colossal statue of Ramesses II, originally 17 meters high, which is now in ruins but once stood as a symbol of the king’s god-like power. The temple complex includes a large courtyard, pylons, halls, and several statues, many of which depict the king’s accomplishments in battle and his relationship with the gods. The walls of the temple are adorned with detailed reliefs that tell stories of Ramesses II’s military campaigns, especially his celebrated victory at the Battle of Kadesh.

The Great Temple of Ramesses II holds significant cultural importance both in ancient Egypt and in modern times. It served as a center for religious rituals and a symbol of the power and divine right of the pharaoh. The temple’s inscriptions and artwork offer valuable insights into the political, military, and religious life of the time. In the modern era, the Ramesseum stands as a testament to the grandeur of Egypt’s New Kingdom period and attracts visitors from around the world, who come to admire its impressive ruins and historical significance.

One of the most enduring legends surrounding the temple is the idea that Ramesses II himself commissioned its construction as part of his efforts to immortalize his reign and ensure his place among the gods. Some folklore also ties the collapse of his colossal statue to the destructive forces of time and nature, suggesting that the statue's fall represents the inevitable decline of even the greatest rulers. Today, the site continues to inspire awe and wonder, not only as an architectural marvel but also as a reflection of the enduring legacy of Egypt’s ancient civilization."
Akhenaten,"Akhenaten was a pharaoh of ancient Egypt's 18th Dynasty, reigning from approximately 1353 to 1336 BCE. Originally named Amenhotep IV, he is renowned for introducing significant religious reforms, most notably the worship of Aten, the sun disk, which marked a departure from Egypt's traditional polytheistic beliefs. 

In the fifth year of his reign, Akhenaten established a new capital city called Akhetaten, known today as Amarna, located on the east bank of the Nile River. This city was dedicated to the worship of Aten and was distinct for its unique architectural style and urban planning. 


Akhenaten's reign is characterized by a radical shift in religious practices, moving from the traditional worship of multiple deities to a focus on Aten. This period also saw changes in artistic expression, with more naturalistic and individualized depictions in art. However, after Akhenaten's death, his successors, including Tutankhamun, reverted to the traditional religious practices, and many of Akhenaten's reforms were undone. 


Culturally, Akhenaten's attempt to transform Egypt's religious landscape was unprecedented. While his monotheistic experiment was short-lived, it has been the subject of extensive study and debate among historians and scholars. In modern times, Akhenaten is often viewed as a visionary or a heretic, reflecting the complexity and impact of his reign. 

One of the most enduring stories associated with Akhenaten is his relationship with his queen, Nefertiti. Together, they are often depicted in art and inscriptions, showcasing a partnership that was both political and spiritual. Their reign has inspired numerous tales and speculations, particularly regarding the mysterious disappearance of Nefertiti from historical records and the subsequent fate of Akhenaten's lineage. 
"